{"minzoom":0,"maxzoom":8,"center":[175.078125,-37.15824,8.0],"bounds":[166.426157,-47.290001,178.577985,-34.129457]}