{"minzoom":0,"maxzoom":9,"center":[174.726563,-36.879103,9.0],"bounds":[166.426157,-47.290001,178.577985,-34.129457]}